conversation_title,role,content
Conversation_20240121123311,assistant,How may I assist you today?
Conversation_20240121123311,user,what is a pipeline
Conversation_20240121123311,assistant,"A pipeline is a sequence of data processing components or steps that are connected together to perform a specific task or achieve a desired outcome. In the context of the provided code snippets, a pipeline is used to retrieve data from a source (e.g., PJMDailyLoadISOSource, MISODailyLoadISOSource, SparkEventhubSource), transform the data using specific transformers (e.g., PJMToMDMTransformer, HoneywellAPMJsonToPCDMTransformer, MISOToMDMTransformer), and then write the transformed data to a destination (e.g., SparkDeltaDestination, SparkPCDMToDeltaDestination). The pipeline allows for the automated and efficient execution of these data processing tasks in a structured and organized manner."
Conversation_20240121123333,user,what is RTDIP
Conversation_20240121123333,assistant,"RTDIP stands for Real-Time Data Integration Platform. It is a platform that provides a set of tools, libraries, and frameworks to streamline the development, deployment, and management of real-time data integration pipelines. RTDIP enables users to connect to various data sources, perform data transformations, and write the processed data to different destinations. It supports real-time and batch processing, as well as provides capabilities for data quality monitoring, error handling, and scalability. RTDIP simplifies the process of building and maintaining data pipelines, allowing for efficient data integration and analysis."
Conversation_20240121123528,user," I would like to use RTDIP components to read from PythonDeltaSource , transform using BaseRawToMDMTransformer then write to SparkKafkaEventhubDestination"
Conversation_20240121123528,assistant,"I'm sorry, but based on the provided context, there is no mention of a component called ""PythonDeltaSource"" or ""BaseRawToMDMTransformer"" in the available components. Therefore, I cannot provide guidance on using those specific components in RTDIP.

However, if you have any questions about the available components or need assistance with other aspects of RTDIP, please let me know and I'll be happy to help."
Conversation_20240121123618,user," would like to use RTDIP components to read from PythonDeltaSource , transform using PandasToPySparkTransformer then write to SparkDeltaMergeDestination"
Conversation_20240121123618,assistant,"I'm sorry, but based on the provided context, there is no mention of a component called ""PythonDeltaSource"" or ""PandasToPySparkTransformer"" in the available components. Therefore, I cannot provide guidance on using those specific components in RTDIP.

However, if you have any questions about the available components or need assistance with other aspects of RTDIP, please let me know and I'll be happy to help."
Conversation_20240121123853,user,what is a component
Conversation_20240121123853,assistant,"A component is a self-contained module or part of a larger system that performs a specific function or task. In software development, components are reusable and can be combined with other components to build complex systems or applications. Components can be libraries, modules, classes, functions, or any other unit of code that serves a specific purpose within a system. They promote code reusability, modularity, and maintainability."
Conversation_20240121123914,user,WHAT IS MY NAME
Conversation_20240121123914,assistant,"I'm sorry, but I don't have access to personal information such as your name. Is there anything else I can help you with?"
Conversation_20240121123934,user,MY NAME IS NAH
Conversation_20240121123934,assistant,"Nice to meet you, Nah! How can I assist you today?"
Conversation_20240121124006,user,WHAT IS  RTDIP
Conversation_20240121124006,assistant,"RTDIP stands for ""Real-Time Data Integration Platform."" It is a platform that enables the integration and processing of real-time data from various sources. The platform allows users to collect, transform, analyze, and visualize real-time data for various applications and use cases."
Conversation_20240121124025,user,WHAT IS MY NAME
Conversation_20240121124025,assistant,"Your name is Nah. Nice to meet you, Nah! How can I assist you today?"
